{"cameraMode":{"drawMode":0,"name":"Shaded","section":"Shading Mode"},"sceneLighting":true,"audioPlay":false,"sceneViewState":{"m_AlwaysRefresh":false,"showFog":true,"showSkybox":true,"showFlares":true,"showImageEffects":true,"showParticleSystems":true,"showVisualEffectGraphs":true,"m_FxEnabled":true},"in2DMode":false,"pivot":{"x":136.07778930664063,"y":508.34185791015627,"z":-599.8379516601563},"rotation":{"x":0.36866357922554018,"y":-0.0432032011449337,"z":0.017155665904283525,"w":0.9283995032310486},"size":1418.121337890625,"orthographic":false}